<?xml version="1.0" encoding="UTF-8"?>
<addon id="plugin.video.tvpor"
       name="TV Portuguesa"
       version="0.5.2"
       provider-name="fightnight">
    <requires>
        <import addon="xbmc.python" version="2.1.0"/>
		<import addon="script.module.pytz"/>
		<import addon="script.module.urlresolver"  version="1.0.5"/>
		<import addon="script.module.requests"/>
    </requires>
    <extension point="xbmc.python.pluginsource" library="default.py">
        <provides>video</provides>
    </extension>
    <extension point="xbmc.addon.metadata">
        <summary>Ver canais de TV portugueses e radios no KODI</summary>
        <description>Ve os teus canais portugueses favoritos e ouve radios no KODI.

O addon apenas inclui streams oficiais.</description>
        <disclaimer>O autor deste addon NAO e responsavel pelo conteudo dos streams.</disclaimer>
        <platform>all</platform>
    </extension>
</addon>