<?xml version="1.0" encoding="UTF-8" standalone="yes"?>
<addon id="plugin.video.cineflix"
       name="Cine[B][COLOR gold]FLIX[/COLOR]  ; )[/B]"
       version="0.0.1"
       provider-name="acamposxp">
  <requires>
	<import addon="xbmc.python" version="2.1.0"/>
	<import addon="script.module.beautifulsoup4" version="4.3.2"/> 
	<import addon="script.module.urlresolver" version="1.0.0"/>
	<import addon="script.module.metahandler" optional="true"/>
	<import addon="script.module.simplejson" optional="true"/>
	<import addon="script.module.parsedom" optional="true"/>
	<import addon="script.module.t0mm0.common" version="1.1.2"/>
  </requires>
 <extension library="addon.py" point="xbmc.python.pluginsource">   
  <provides>video</provides>   
 </extension>   
 <extension point="xbmc.addon.metadata">   
  <language>en</language>   
  <platform>all</platform>   
  <summary lang="en">CineFLIX</summary>   
  <description lang="en">Assistir aos filmes do site cineflixhd.net</description>   
  <platform>all</platform>   
 </extension>   
</addon>